"date";"uuid";"name";"email";"phone";"offer";"url"
"2020-10-05 11:39:09.260243+00:00";"6b241991-ad0e-4030-9a76-91b63c690178";"";"";"";"";"http://0.0.0.0/HEBzz"
"2020-10-05 11:39:55.725053+00:00";"f15103a4-4927-42e9-ae29-e7f7b92050bb";"";"";"";"";"http://0.0.0.0/Haf30"
"2020-10-06 13:54:28.991649+00:00";"ba6023d5-7024-4967-b2bd-92e9ebafcc55";"орпорпропо";"";"";"";"http://0.0.0.0/H0zIv"
"2020-10-05 11:39:09.260243+00:00";"6b241991-ad0e-4030-9a76-91b63c690178";"";"";"";"";"http://0.0.0.0/uLrSe"
"2020-10-05 11:39:55.725053+00:00";"f15103a4-4927-42e9-ae29-e7f7b92050bb";"";"";"";"";"http://0.0.0.0/Hk1UU"
"2020-10-06 13:54:28.991649+00:00";"ba6023d5-7024-4967-b2bd-92e9ebafcc55";"орпорпропо";"";"";"";"http://0.0.0.0/HQjt6"
"2020-10-05 11:39:09.260243+00:00";"6b241991-ad0e-4030-9a76-91b63c690178";"";"";"";"";"http://0.0.0.0/H1tQh"
"2020-10-05 11:39:55.725053+00:00";"f15103a4-4927-42e9-ae29-e7f7b92050bb";"";"";"";"";"http://0.0.0.0/ubwEH"
"2020-10-06 13:54:28.991649+00:00";"ba6023d5-7024-4967-b2bd-92e9ebafcc55";"орпорпропо";"";"";"";"http://0.0.0.0/HcKDG"
"2020-10-05 11:39:09.260243+00:00";"6b241991-ad0e-4030-9a76-91b63c690178";"";"";"";"";"http://0.0.0.0/HIpab"
"2020-10-05 11:39:55.725053+00:00";"f15103a4-4927-42e9-ae29-e7f7b92050bb";"";"";"";"";"http://0.0.0.0/uHTQv"
"2020-10-06 13:54:28.991649+00:00";"ba6023d5-7024-4967-b2bd-92e9ebafcc55";"орпорпропо";"";"";"";"http://0.0.0.0/HbGnT"
"2020-10-05 11:39:09.260243+00:00";"6b241991-ad0e-4030-9a76-91b63c690178";"";"";"";"";"http://0.0.0.0/HS1P8"
"2020-10-05 11:39:55.725053+00:00";"f15103a4-4927-42e9-ae29-e7f7b92050bb";"";"";"";"";"http://0.0.0.0/unjKh"
"2020-10-06 13:54:28.991649+00:00";"ba6023d5-7024-4967-b2bd-92e9ebafcc55";"орпорпропо";"";"";"";"http://0.0.0.0/Hqzx0"
